,DecsionTree,Logistic,KNN,RandomForest,RandomForest_classimabalnce,DTC_classimabalnce,AdaBoost,metric
0,0.987894558207942,0.9427537051702681,0.9435456499604028,0.9789568955764226,0.9734132820454803,0.9822378097069804,0.9403778707998642,trainaccuracy
1,0.800383877159309,0.061420345489443376,0.1036468330134357,0.6967370441458733,0.7927063339731286,1.0,0.01727447216890595,testaccuracy
2,0.8911495422177009,0.9348931841302136,0.930824008138352,0.9237029501525941,0.9247202441505595,0.8891149542217701,0.9328585961342828,trainrecall
3,0.06153846153846154,0.03076923076923077,0.015384615384615385,0.03076923076923077,0.046153846153846156,0.09230769230769231,0.015384615384615385,testrecall
