,Metric,Insurance_exp3
0,Trainaccuracy,92.54868755292125
1,Trainrecall,87.88546255506607
2,Testaccuracy,74.14758269720102
3,Testrecall,46.21212121212121
