,Metric,Insurance_exp3
0,trainaccuracy,0.9225378089265953
1,trainrecall,0.8809980806142035
2,testaccuracy,0.7568667344862665
3,testrecall,0.4307692307692308
