,DecsionTree,Logistic,KNN,RandomForest,RandomForest_classimabalnce,DTC_classimabalnce,AdaBoost,metric
0,0.9996124156196505,0.9507121862988922,0.952617809502277,0.9911178579503246,0.9910532605535997,0.9996124156196505,0.9518749394399406,trainaccuracy
1,0.9920529801324504,0.004635761589403974,0.06556291390728476,0.8211920529801324,0.8225165562913908,1.0,0.03576158940397351,testaccuracy
2,0.927637314734089,0.9540831153734379,0.951758209822726,0.952339436210404,0.952339436210404,0.9247311827956989,0.9552455681487939,trainrecall
3,0.24358974358974358,0.0,0.019230769230769232,0.07051282051282051,0.05128205128205128,0.23717948717948717,0.019230769230769232,testrecall
