,Metric,Bankruptcy_exp3
0,Trainaccuracy,0.9217304681941084
1,Trainrecall,0.7498149518874907
2,Testaccuracy,0.8501671268710943
3,Testrecall,0.4634920634920635
