,DecsionTree,Logistic,KNN,RandomForest,RandomForest_classimabalnce,DTC_classimabalnce,AdaBoost,metric
0,1.0,0.9990012718179194,0.998423882087654,0.9998829615411624,0.99990636923293,1.0,0.9992626577093233,trainaccuracy
1,1.0,0.6525612472160356,0.10244988864142539,0.9354120267260579,0.9465478841870824,1.0,0.7282850779510023,testaccuracy
2,0.9993328885923949,0.9990519995786665,0.9985604438046417,0.9994382219725431,0.9994733330992591,0.9993679997191109,0.9989817773252344,trainrecall
3,0.7209302325581395,0.6744186046511628,0.046511627906976744,0.6744186046511628,0.6511627906976745,0.7209302325581395,0.5348837209302325,testrecall
