,Metric,creditcard_exp3
0,Trainaccuracy,98.04804804804806
1,Trainrecall,91.66666666666666
2,Testaccuracy,98.61135493837998
3,Testrecall,87.96296296296296
